comparison,mean_diff,std_diff,t_p,wilcoxon_p,cohens_d,wins_cond1,wins_cond2
REAL_PLUS_RANDOM vs REAL_PLUS_MIDDLE,0.007849309491294287,0.01643123203675022,0.34561589684684285,0.8125,0.4777066913630372,2,3
REAL_PLUS_RANDOM vs REAL_PLUS_FAR,0.005162061278732322,0.03330710513513086,0.7463889546761434,0.625,0.15498378672626242,4,1
REAL_PLUS_MIDDLE vs REAL_PLUS_FAR,-0.0026872482125619656,0.02512301356449109,0.822722833667767,0.8125,-0.10696360950742498,3,2
