condition,accuracy,macro_f1,micro_f1,weighted_f1,macro_auc,AUC_DIR,AUC_DM,AUC_INTJ,AUC_AS,F1_DIR,F1_DM,F1_INTJ,F1_AS
REAL_ONLY,0.6588235294117647,0.39183272946859904,0.6588235294117647,0.6501918158567774,0.7083774999935758,0.7094508301404854,0.8370221327967807,0.5555555555555556,0.7314814814814815,0.782608695652174,0.5625,0.2222222222222222,0.0
REAL_PLUS_NEAR,0.7529411764705882,0.41299189814814813,0.7529411764705882,0.7051770152505447,0.7003682713339929,0.70242656449553,0.8631790744466801,0.6154970760233918,0.6203703703703703,0.859375,0.5925925925925926,0.2,0.0
REAL_PLUS_MIDDLE,0.7411764705882353,0.40545556805399324,0.7411764705882353,0.6955627605372858,0.7081940850813919,0.6947637292464879,0.852112676056338,0.631578947368421,0.654320987654321,0.8503937007874016,0.5714285714285714,0.2,0.0
REAL_PLUS_FAR,0.7529411764705882,0.45165566425408943,0.7529411764705882,0.7163748025257984,0.7288863105139316,0.6922094508301404,0.874245472837022,0.6608187134502923,0.6882716049382716,0.8503937007874016,0.5925925925925926,0.36363636363636365,0.0
REAL_PLUS_RANDOM,0.7294117647058823,0.40317460317460313,0.7294117647058823,0.6893370681605975,0.726492745205521,0.735632183908046,0.852112676056338,0.6330409356725146,0.6851851851851851,0.8412698412698413,0.5714285714285714,0.2,0.0
REAL_PLUS_DISTANCE_BALANCED,0.7647058823529411,0.4332020997375328,0.7647058823529411,0.7219947506561679,0.7423834023837859,0.7196679438058748,0.886317907444668,0.6505847953216374,0.712962962962963,0.8661417322834646,0.6666666666666666,0.2,0.0
